{"cameraMode":{"drawMode":0,"name":"Shaded","section":"Shading Mode"},"sceneLighting":true,"audioPlay":false,"sceneViewState":{"showFog":true,"showMaterialUpdate":false,"showSkybox":true,"showFlares":true,"showImageEffects":true,"showParticleSystems":true},"in2DMode":false,"pivot":{"x":-0.2233257293701172,"y":9.69167423248291,"z":72.7012939453125},"rotation":{"x":-0.0020684152841567995,"y":0.9803495407104492,"z":-0.010294141247868538,"w":-0.19698886573314668},"size":23.10525894165039,"orthographic":false}